Model,Validation_AUC,Test_AUC,Test_Precision,Test_Recall,Test_F1,CV_Mean_AUC,CV_Std_AUC,Optimal_ROI_Threshold,Expected_ROI
XGBoost,0.9948752355393137,0.9963034601332473,0.8994413407821229,0.9757575757575757,0.936046511627907,0.9951831053561682,0.000583707329071976,0.4,1348.6710725501991
