Model,Val_AUC,Test_AUC,Precision,Recall,F1
Logistic Regression,0.9881231085479358,0.9882369797263414,0.82,0.9939393939393939,0.8986301369863013
Random Forest,0.990150174156341,0.9926642309621032,0.8168316831683168,1.0,0.8991825613079019
Gradient Boosting,0.9941186547136412,0.9964897198939752,0.92,0.9757575757575757,0.9470588235294117
